﻿pos_x,pos_y,rotation,side,designator,mpn,pack,footprint,value,mount_type,place
149.5,-77.0,90.0,top,C1,,,CP_Radial_D5.0mm_P2.00mm,22uF,tht,True
172.0,-58.5,90.0,top,C2,,,C_Disc_D3.0mm_W1.6mm_P2.50mm,10nF,tht,True
149.5,-68.46,-90.0,top,D1,,,LED_D5.0mm,LED RED ( 1.6 V / 20mA),tht,True
167.0,-62.66,90.0,top,D2,,,D_A-405_P10.16mm_Horizontal,1A Max / 0.6 V,tht,True
136.5,-53.0,0.0,top,H1,,,MountingHole_2.2mm_M2_ISO7380_Pad,MountingHole_2.2mm_M2_ISO7380_Pad,tht,False
136.5,-83.5,0.0,top,H3,,,MountingHole_2.2mm_M2_ISO7380_Pad,MountingHole_2.2mm_M2_ISO7380_Pad,tht,False
175.0,-83.5,0.0,top,H4,,,MountingHole_2.2mm_M2_ISO7380_Pad,MountingHole_2.2mm_M2_ISO7380_Pad,tht,False
175.5,-53.0,0.0,top,M2,,,MountingHole_2.2mm_M2_ISO7380_Pad,M3,tht,False
156.7,-70.2,0.0,top,NE555,,,DIP-8_W7.62mm,4.5-16VDC,tht,True
175.0,-69.0,-90.0,top,R1,,,R_Axial_DIN0207_L6.3mm_D2.5mm_P10.16mm_Horizontal,3k3,tht,True
170.0,-69.0,-90.0,top,R2,,,R_Axial_DIN0207_L6.3mm_D2.5mm_P10.16mm_Horizontal,68k,tht,True
152.16,-83.0,180.0,top,R3,,,R_Axial_DIN0207_L6.3mm_D2.5mm_P10.16mm_Horizontal,100 ohms,tht,True
142.0,-78.0,90.0,top,R4,,,R_Axial_DIN0207_L6.3mm_D2.5mm_P10.16mm_Horizontal,47 ohms,tht,True
160.58,-57.0,180.0,top,SW1,,,"TerminalBlock_Phoenix_MKDS-1,5-2-5.08_1x02_P5.08mm_Horizontal",Float Switch,tht,True
148.58,-57.0,180.0,top,Vin,,,"TerminalBlock_Phoenix_MKDS-1,5-2-5.08_1x02_P5.08mm_Horizontal",5-16VDC,tht,True
