﻿Designator,Quantity,Value,Footprint,Package,MPN,DNP,Mount_Type,Description,Sim.Device,Sim.Pins,Positive,Negative
C1,1,22uF,CP_Radial_D5.0mm_P2.00mm,,,,tht,Polarized capacitor,,,,
C2,1,10nF,C_Disc_D3.0mm_W1.6mm_P2.50mm,,,,tht,Unpolarized capacitor,,,,
D1,1,LED RED ( 1.6 V / 20mA),LED_D5.0mm,,,,tht,Light emitting diode,,,,
D2,1,1A Max / 0.6 V,D_A-405_P10.16mm_Horizontal,,,,tht,Diode,D,1=K 2=A,,
"H1, H3, H4",3,MountingHole_2.2mm_M2_ISO7380_Pad,MountingHole_2.2mm_M2_ISO7380_Pad,,,,tht,,,,,
M2,1,M3,MountingHole_2.2mm_M2_ISO7380_Pad,,,,tht,,,,,
NE555,1,4.5-16VDC,DIP-8_W7.62mm,,,,tht,"Precision Timers, 555 compatible,  PDIP-8",,,,
R1,1,3k3,R_Axial_DIN0207_L6.3mm_D2.5mm_P10.16mm_Horizontal,,,,tht,Resistor,,,,
R2,1,68k,R_Axial_DIN0207_L6.3mm_D2.5mm_P10.16mm_Horizontal,,,,tht,Resistor,,,,
R3,1,100 ohms,R_Axial_DIN0207_L6.3mm_D2.5mm_P10.16mm_Horizontal,,,,tht,Resistor,,,,
R4,1,47 ohms,R_Axial_DIN0207_L6.3mm_D2.5mm_P10.16mm_Horizontal,,,,tht,Resistor,,,,
SW1,1,Float Switch,"TerminalBlock_Phoenix_MKDS-1,5-2-5.08_1x02_P5.08mm_Horizontal",,,,tht,"Push button switch, generic, two pins",,,,
Vin,1,5-16VDC,"TerminalBlock_Phoenix_MKDS-1,5-2-5.08_1x02_P5.08mm_Horizontal",,,,tht,Multiple-cell battery,,,+,-
